﻿5601,Herman Simonis and Feest,Corporate,(616) 4254112,66 Melby Drive,Grand Rapids,MI,49518,USPS,1,6
5602,Hyatt Little and Grady,Corporate,(202) 3706304,65452 Warner Alley,Washington,DC,20073,USPS,1,4
5603,Wald,Moehle,(208) 8137984,28 Havey Parkway,Boise,ID,83727,USPS,1,4
5604,Ellen,Sibthorp,(212) 5105080,54 Bowman Court,New York City,NY,10079,UPS,1,4
5605,Denny,Delea,(443) 5733746,9 Independence Circle,Annapolis,MD,21405,FedEx Express,2,1
5606,Berrie,Martinets,(850) 8290363,84970 Nancy Road,Pensacola,FL,32595,FedEx Express,2,6
5607,Fay-Von,Corporate,(760) 3245430,07 Tennyson Court,Huntington Beach,CA,92648,FedEx Express,1,6
5608,MacGyver Torp and Corkery,Corporate,(256) 9697344,100 Londonderry Trail,Huntsville,AL,35815,USPS,1,1
5609,Nickie,Parkman,(304) 6346485,8 Vermont Drive,Morgantown,WV,26505,UPS,2,6
5610,Daniel Inc,Corporate,(408) 4131372,6 Comanche Plaza,San Jose,CA,95173,USPS,1,1
5611,Kent,Purseglove,(901) 2724923,620 Sugar Street,Memphis,TN,38131,FedEx Express,2,2
5612,Cookie,Lecordier,(954) 8164514,7 Vernon Point,Hollywood,FL,33028,FedEx Express,1,1
5613,Carmelita,Plain,(256) 6429518,7012 Killdeer Junction,Huntsville,AL,35810,FedEx Express,1,3
5614,Alejoa,Girhard,(713) 3334841,89 Johnson Plaza,Spring,TX,77388,USPS,1,1
5615,Will and Sons,Corporate,(205) 7029514,875 Valley Edge Circle,Birmingham,AL,35205,FedEx Ground,1,1
5616,Ratke Group,Corporate,(949) 7001481,2400 Waubesa Parkway,Irvine,CA,92619,USPS,2,1
5617,Lauree,Bello,(970) 4888863,334 Walton Center,Fort Collins,CO,80525,UPS,1,6
5618,Meris,Gallelli,(212) 9773625,7219 Arkansas Trail,New York City,NY,10079,UPS,2,3
5619,Dooley Smith and Runte,Corporate,(559) 4873017,41 Express Trail,Fresno,CA,93786,UPS,2,5
5620,Schimmel Inc,Corporate,(702) 5775485,3 Iowa Road,Henderson,NV,89012,USPS,2,4
5621,Huel Runte and Kunze,Corporate,(706) 1041280,15804 Fair Oaks Road,Augusta,GA,30911,USPS,2,5
5622,Johnston Langosh and Hermiston,Corporate,(979) 3945980,74384 Rowland Alley,Houston,TX,77040,FedEx Ground,1,6
5623,Janet,Lyver,(402) 7183700,94 Gerald Junction,Omaha,NE,68105,UPS,1,6
5624,Rosamond,Louedey,(312) 1346418,82601 Mallard Trail,Chicago,IL,60674,UPS,1,6
5625,Row,Featherstone,(503) 9501559,19748 Dahle Alley,Portland,OR,97296,USPS,1,6
5626,Henrietta,Fibbens,(520) 2128861,08 Dixon Terrace,Tucson,AZ,85748,USPS,1,6
5627,Corkery-Hoeger,Corporate,(903) 7013617,973 Fair Oaks Road,Texarkana,TX,75507,USPS,2,5
5628,Johanna,Mowsdill,(801) 9880003,166 John Wall Place,Salt Lake City,UT,84110,Company Carrier,1,6
5629,Stinky,Itskovitz,(615) 7213945,1 Mcguire Pass,Nashville,TN,37205,Company Carrier,1,6
5630,Derby,Gottschalk,(936) 1605056,9 Anniversary Parkway,Beaumont,TX,77705,Company Carrier,1,2
5631,Lonnie,Thomazin,(717) 6965687,813 Green Ridge Pass,Harrisburg,PA,17105,Company Carrier,1,2
5632,Grata,Baress,(615) 1749576,8 Erie Road,Nashville,TN,37250,Company Carrier,1,5
5633,Mikkel,Yakobovitz,(504) 5429833,47 Claremont Trail,New Orleans,LA,70129,Other,2,1
5634,Jacobs-Olson,Corporate,(209) 1733249,2 Moose Court,Stockton,CA,95219,USPS,2,1
5635,Kulas and Sons,Corporate,(410) 8964051,60 Kennedy Court,Silver Spring,MD,20904,USPS,2,1
5636,Sauer-Stroman,Corporate,(305) 2258409,7 Milwaukee Plaza,Miami,FL,33134,USPS,2,1
5637,Bosco-Wiza,Corporate,(754) 5709502,09288 Stephen Terrace,Pompano Beach,FL,33069,FedEx Ground,1,3
5638,Rolfson-Pacocha,Corporate,(720) 9500412,3894 Sutteridge Alley,Arvada,CO,80005,FedEx Express,1,3
5639,Hyacinth,Abdon,(719) 8075252,22418 Gateway Alley,Colorado Springs,CO,80940,USPS,2,1
5640,Elbert,Dober,(785) 3680381,64031 Golf View Junction,Topeka,KS,66606,USPS,2,1
5641,Drake,Height,(402) 7413930,79 John Wall Street,Omaha,NE,68164,Company Carrier,2,5
5642,Bednar-Kozey,Corporate,(912) 5179641,553 Arapahoe Junction,Savannah,GA,31422,FedEx Ground,1,3
5643,Wehner Sporer and Daugherty,Corporate,(212) 9380311,2341 Hagan Drive,New York City,NY,10292,FedEx Ground,1,3
5644,Streich-O'Kon,Corporate,(402) 7249209,8182 Maple Wood Court,Lincoln,NE,68510,FedEx Express,1,3
5645,Sauer Hackett and Cummerata,Corporate,(562) 2515636,73 Di Loreto Way,Los Angeles,CA,90020,UPS,2,4
5646,Tirrell,Longrigg,(952) 7545868,26 2nd Street,Minneapolis,MN,55407,Company Carrier,1,3
5647,Farrel,Hedgecock,(816) 4260275,2036 Rockefeller Way,Kansas City,MO,64153,Company Carrier,1,5
5648,Woody,Edler,(651) 2312247,47 Jenna Junction,Saint Paul,MN,55166,Company Carrier,1,5
5649,Basilio,Brookbank,(716) 8281938,91289 Arizona Point,Buffalo,NY,14210,Company Carrier,2,2
5650,Ramonda,Roskelly,(915) 1843841,29059 Stephen Place,El Paso,TX,79968,Company Carrier,1,5
5651,Tierney,Duckerin,(952) 2047860,9034 Dahle Circle,Young America,MN,55551,Other,2,2
5652,Hendrik,Hewertson,(215) 4187119,147 Lawn Parkway,Philadelphia,PA,19136,Other,2,2
5653,Forster,Crosskell,(972) 5172705,8 Schurz Circle,Arlington,TX,76016,Other,2,4
5654,Ebert Bayer and Cassin,Corporate,(215) 3914302,86 Drewry Circle,Philadelphia,PA,19191,UPS,2,2
5655,West-Kiehn,Corporate,(763) 8333063,242 Utah Alley,Minneapolis,MN,55412,FedEx Express,1,1
5656,Sipes LLC,Corporate,(517) 4194027,37 Stoughton Lane,Lansing,MI,48912,UPS,2,2
5657,Schuster-Stamm,Corporate,(816) 1572777,733 Eastwood Hill,Kansas City,MO,64190,USPS,2,5
5658,Arvie,Trounce,(907) 1188518,15 Northfield Park,Fairbanks,AK,99790,USPS,1,1
5659,Woodman,Strowther,(770) 3907662,25 Farragut Alley,Atlanta,GA,30306,Company Carrier,1,1
5660,Wilmar,de Tocqueville,(202) 8919071,4 Brentwood Center,Washington,DC,20268,Company Carrier,1,1
5661,Romaguera Lemke and Rosenbaum,Corporate,(281) 2732671,05465 Carpenter Crossing,Houston,TX,77060,Company Carrier,2,3
5662,Kovacek Nader and Rutherford,Corporate,(512) 3369151,821 Cardinal Drive,Austin,TX,78749,Company Carrier,2,4
5663,Hauck Wolf and Lubowitz,Corporate,(703) 1265137,8 Cambridge Crossing,Reston,VA,20195,FedEx Express,2,3
5664,Kiehn King and Altenwerth,Corporate,(215) 9731056,7531 Evergreen Court,Philadelphia,PA,19131,Company Carrier,2,3
5665,Bartell Jacobi and Tremblay,Corporate,(563) 4796669,08215 Lyons Point,Davenport,IA,52809,FedEx Ground,1,2
5666,Hand Inc,Corporate,(415) 6961931,651 Loomis Terrace,San Francisco,CA,94159,FedEx Ground,2,4
5667,Melisenda,Semper,(248) 6743971,8305 Mandrake Point,Troy,MI,48098,UPS,1,2
5668,Claybourne,Walrond,(727) 4641118,10026 Derek Road,Clearwater,FL,34629,UPS,1,3
5669,Kristian,Shanley,(215) 3626152,78 Orin Way,Philadelphia,PA,19196,UPS,1,2
5670,Nedi,Follows,(401) 7310598,3001 Bashford Point,Providence,RI,2912,UPS,1,2
5671,Rogahn-Jerde,Corporate,(405) 7896108,4 Ramsey Lane,Oklahoma City,OK,73114,USPS,2,1
5672,Udall,Lung,(763) 2930507,8249 Northwestern Hill,Monticello,MN,55590,USPS,1,2
5673,Reider,Pawlick,(334) 1023895,44979 Shoshone Lane,Montgomery,AL,36125,USPS,1,2
5674,Lorry,Rheaume,(704) 8402309,19395 Meadow Valley Pass,Charlotte,NC,28230,Company Carrier,1,3
5675,Lenore,Trotter,(773) 5817111,3860 Anhalt Court,Chicago,IL,60636,Company Carrier,1,6
5676,Zilvia,Agate,(801) 5311473,561 Macpherson Junction,Ogden,UT,84403,Company Carrier,1,6
5677,Ailbert,Selley,(347) 9843990,9869 Old Shore Terrace,Bronx,NY,10469,Company Carrier,1,6
5678,Marcelline,Frudd,(309) 3987888,4 Upham Road,Carol Stream,IL,60351,Company Carrier,1,6
5679,Jobie,Commusso,(806) 6297434,2747 Coleman Crossing,Amarillo,TX,79165,Company Carrier,1,6
5680,Liv,Botcherby,(970) 1735040,8 Debs Drive,Grand Junction,CO,81505,Company Carrier,2,1
5681,Ahmad,Kenefick,(864) 6741523,9 Tomscot Place,Spartanburg,SC,29319,Company Carrier,2,1
5682,Mayer Group,Corporate,(954) 1200760,74378 Manufacturers Crossing,Fort Lauderdale,FL,33305,Company Carrier,2,1
5683,Fina,Udie,(702) 6051496,06 Ryan Plaza,Las Vegas,NV,89110,Other,1,6
5684,Rodriguez Homenick,Corporate,(831) 5549263,1903 Delaware Pass,Santa Cruz,CA,95064,Other,2,1
5685,Lesch-Wilkinson,Corporate,(772) 8585987,5 Bobwhite Pass,Fort Pierce,FL,34949,FedEx Express,2,1
5686,Carola,Baylay,(518) 8727646,47 Manufacturers Crossing,Schenectady,NY,12305,FedEx Express,1,5
5687,Phedra,Petken,(718) 9249900,513 Sachs Plaza,Brooklyn,NY,11225,FedEx Express,1,6
5688,Domenic,Leare,(850) 6210822,51 Scofield Lane,Pinellas Park,FL,34665,FedEx Express,1,4
5689,Rinaldo,Golston,(310) 8814315,07712 Northland Terrace,Santa Monica,CA,90405,FedEx,1,3
5690,Camala,Dorant,(317) 3986842,363 Cordelia Circle,Indianapolis,IN,46295,Other,1,2
5691,Regan,Nowak,(318) 2942565,60727 Red Cloud Court,Shreveport,LA,71151,Other,1,1
5692,Johnston-Glover,Corporate,(516) 8635417,28521 8th Terrace,Hicksville,NY,11854,Other,2,1
5693,Corkery-Cummerata,Corporate,(719) 4562421,21871 Buell Terrace,Pueblo,CO,81010,Company Carrier,1,2
5694,Johnston-Mann,Corporate,(754) 1936202,16 Manitowish Point,Pompano Beach,FL,33075,Other,1,3
5695,Elana,Rawdall,(608) 2643210,8 Straubel Place,Madison,WI,53716,Company Carrier,2,1
5696,Izzy,Dowell,(408) 5382031,969 Eliot Park,San Jose,CA,95155,Company Carrier,2,1
5697,Cletis,Sanchis,(757) 6087520,29 Oneill Pass,Hampton,VA,23668,Company Carrier,2,1
5698,Roxi,Mewrcik,(330) 7846160,18897 Main Pass,Canton,OH,44760,Company Carrier,2,1
5699,Faustine,Hounson,(563) 6808471,64 Waxwing Road,Davenport,IA,52804,Company Carrier,1,3
5700,Homere,Georgeou,(706) 5317997,21799 Lunder Park,Athens,GA,30605,Company Carrier,1,3
5701,Kennett,Houseago,(419) 9404520,7 Evergreen Drive,Denver,CO,80210,Company Carrier,1,4
5702,Waldemar,Treweela,(614) 3645828,702 Anzinger Place,Denver,CO,80211,Company Carrier,1,3
5703,Tresa,Bradberry,(630) 9915817,12 Shopko Crossing,Naperville,IL,60567,Company Carrier,1,6
5704,Hayden,Ferrie,(434) 7164841,0 Shoshone Place,Charlottesville,VA,22908,FedEx,1,6
5705,Cassin Pfannerstill and Pagac,Corporate,(585) 3844089,50106 Blackbird Road,Rochester,NY,14683,FedEx Express,2,4
5706,Othilia,Rose,(334) 7820650,0108 Little Fleur Plaza,Montgomery,AL,36119,FedEx Express,1,6
5707,Tiphanie,Tabard,(603) 1319137,06769 Tony Avenue,Portsmouth,NH,3804,FedEx Express,2,1
5708,Carolan,Geffinger,(704) 2774901,5640 Hanover Junction,Charlotte,NC,28256,FedEx,1,6
5709,Konstanze,Ragbourne,(901) 9224644,527 Mesta Trail,Memphis,TN,38168,Other,2,4
5710,Alasdair,Holbie,(202) 3569424,95 Drewry Alley,Washington,DC,20535,Other,2,3
5711,Umberto,Furzer,(513) 7847113,27 Division Court,Cincinnati,OH,45249,Other,2,4
5712,Renae,Bande,(918) 9882647,3771 Florence Trail,Tulsa,OK,74103,Other,2,4
5713,Wolf-Runolfsson,Corporate,(505) 8233898,28 Forster Park,Santa Fe,NM,87505,Other,1,6
5714,Roxy,Corbishley,(801) 1690597,74982 Ilene Plaza,Salt Lake City,UT,84125,FedEx,2,4
5715,Goldner Orn and Bashirian,Corporate,(214) 7657818,0685 Myrtle Alley,Garland,TX,75049,Other,1,5
5716,Angelika,Agent,(571) 8718405,3109 Bluejay Plaza,Arlington,VA,22234,USPS,1,1
5717,Olimpia,Monketon,(303) 8580627,85 Sachs Avenue,Denver,CO,80279,USPS,2,4
5718,Guillemette,McGoon,(719) 7277472,77 Thierer Center,Colorado Springs,CO,80915,USPS,2,3
5719,Gerardo,Blindermann,(303) 8849290,48696 Carey Junction,Denver,CO,80291,USPS,2,4
5720,Nader-Zboncak,Corporate,(415) 7644932,4 Bellgrove Street,San Francisco,CA,94110,FedEx Express,2,4
5721,Vivyan,Whitten,(719) 5794018,17304 Bay Drive,Colorado Springs,CO,80951,Company Carrier,2,4
5722,Sallyanne,Batte,(719) 5118798,8309 Columbus Road,Colorado Springs,CO,80925,FedEx,2,2
5723,Alina,Caller,(720) 1566707,0273 High Crossing Road,Littleton,CO,80161,FedEx,2,3
5724,Alister,Rooper,(303) 4911035,2343 Maryland Terrace,Aurora,CO,80015,FedEx,2,5
5725,Aline,Avraam,(719) 8778724,83213 Parkside Road,Pueblo,CO,81005,FedEx,1,1
5726,Gaston,Dolman,(303) 7983305,6 Basil Park,Denver,CO,80243,FedEx,1,2
5727,Shaine,Rickardes,(720) 2857103,9853 Mosinee Lane,Denver,CO,80223,FedEx,1,3
5728,Wunsch Nolan and Zboncak,Corporate,(608) 6715712,50 Esch Hill,Madison,WI,53790,Other,2,6
5729,Streich Kessler and Aufderhar,Corporate,(212) 7183323,613 Welch Way,New York City,NY,10125,Other,2,2
5730,Reichel-Huels,Corporate,(770) 3575832,47114 Arapahoe Lane,Atlanta,GA,31119,Other,2,3
