﻿1,Cold Cup Basic,Cold Cup,10,Brown Packet,201,6
2,Cold Cup Supreme,Cold Cup,15,Brown Packet,201,6
3,Cold Cup Supreme X,Cold Cup,25,Fancy Box,201,6
4,Hot Cup Basic,Hot Cup,10,Box,202,6
5,Hot Cup Supreme,Hot Cup,20,Box,202,6
6,Hot Cup Supreme X,Hot Cup,25,Fancy Box,202,3
7,Paper Plate,Paper Product,20,Brown Packet,203,2
8,Paper Bowl,Paper Product,25,Box,203,2
9,Clear Plate,Clear Product,25,Fancy Box,204,6
10,Clear Bowl,Clear Product,20,Fancy Box,204,6
11,Glass Container,Glass Product,35,Box Foam,205,6
12,Glass Cup Basic,Glass Product,20,Box Foam,205,6
13,Glass Cup Supreme,Glass Product,30,Box Foam,205,6
14,Glass Cup Supreme X,Glass Product,30,Box Foam,205,6
15,Glass Mugs,Glass Product,45,Box Foam,205,6
16,Glass Plates,Glass Product,20,Box Wrap,205,6
17,Clear Plates,Clear Product,10,Box Wrap,204,6
18,Clear Container,Clear Product,15,Box Wrap,204,6
19,Clear Mugs,Clear Product,25,Fancy Box,204,6
20,Paper Container,Paper Product,15,Box Foam,203,2
21,Paper Lid Coffee,Paper Product,10,Brown Packet,203,6
22,Paper Lid Container,Paper Product,15,Brown Packet,203,6
23,Green Stripe Cold Cup,Cold Cup,40,Fancy Packet,201,1
24,Green Stripe Hot Cup,Hot Cup,45,Fancy Packet,202,1
25,World Art Insulated Hot Cup,Hot Cup,50,Fancy Box,202,3
26,Evolution Hot Cup,Hot Cup,50,Box Foam,202,3
27,Sugarcane Plates,Green Product,35,Box Wrap,206,4
28,Bamboo Plates,Green Product,45,Box Wrap,206,4
29,Sugarcane Cup,Green Product,40,Box,206,4
30,Sugarcane Container,Green Product,35,Fancy Box,206,4
31,Plantware Cutlery,Green Product,40,Box Foam,206,1
32,Recycled Cutlery,Recycled Product,40,Box Foam,207,6
33,Compostable Straw,Green Product,10,Brown Packet,206,5
34,Paper Straw,Paper Product,10,Brown Packet,203,2
35,Paper Food Tray,Paper Product,10,Box,203,2
36,Clear Deli Cup,Clear Product,20,Box Foam,204,6
37,Clear Salad Bowl,Clear Product,30,Fancy Box,204,6
38,Sugarcane Clamshell,Green Product,35,Fancy Packet,206,4
39,Sugarcane Portion Cup,Hot Cup,30,Fancy Packet,202,4
40,Compostable Bags,Green Product,30,Brown Packet,206,5
