﻿1,Fair Trade Certified,Fair Trade USA,300
2,USDA National Organic Program,USDA Organic,450
3,Forest Stewardship Council Certification,Forest Stewardship Council,300
4,Fiber Sourcing Standard,Sustainable Forestry Initiative,250
5,Safer Choice,Environmental Protection Agency,100
6,Green Seal Certification ,Green Seal,550
7,BioPreferred,United States Department of Agriculture,150
8,Green Plus,Redwoods Group Foundation,350
9,BASF Eco-Efficiency,NSF International,1000
10,Better Environmental Sustainability Targets Standard 1001,OK International,750
11,CarbonFree Certified,Carbon Fund,300
12,CarbonNeutral Certified,The Carbon Neutral Company,450
13,Compostable Label,Biodegradable Products Institute,350
14,Green Products Standard,Green Products Eco Label,400
15,GreenCircle Certified,GreenCircle Certified LLC,500
16,Greenlist,SC Johnson,200
17,EcoLabel Standard Program,International Card Manufacturers Association,350
18,NPA Natural Seal,Natural Products Association,200
19,Paper Profile Standard,Paper Profile,150
20,Recycled Content,Federal Trade Commission,400
