﻿201,Hermann Daniel and Marks,656 Riverside Avenue,(786) 1640519,Miami,FL,7/24/2012,33610,6
202,Langosh LLC,965 Hudson Plaza,(320) 3529431,Saint Cloud,MN,8/5/2010,55565,3
203,Luettgen-Parker,868 Darwin Lane,(919) 9684991,Raleigh,NC,11/1/2011,27626,1
204,Reichert-Schulist,60858 Beilfuss Crossing,(714) 8888457,Santa Ana,CA,1/16/2010,93591,2
205,Kub Langosh and Hagenes,7232 Killdeer Terrace,(520) 9305975,Tucson,AZ,9/14/2006,85271,4
206,VonRueden-Considine,9075 Hallows Trail,(601) 8180094,Jackson,MS,6/30/2007,39216,5
207,Steuber Group,6436 Miller Alley,(212) 6814987,Brooklyn,NY,12/16/2012,11407,7
