﻿1,Certified B Corporation,B Corporation
2,Environmental Compliance Standards,Green Business Bureau
3,Green C Certification,American Consumer Council
4,Green Business Certification,Green America
5,Rainforest Alliance Certified,Rainforest Alliance
6,SMART Certified,Institute for Market Transformation to Sustainability
7,CDP Climate Change Survey Certification,ISO group
8,Corporate Social Responsibility,Ecocert
9,BPI Certified,Biodegradable Products Institute
10,TRUE Certification,TRUE Zero Waste
